<Packet>
  <Infos Comment="" LastModified="0001-01-01 오전 12:00:00">
    <Info />
    <Info />
  </Infos>
  <Items>
    <Item Name="tag" Type="uint" IsSwap="False" Size="1">
      <InitValue>0xbead</InitValue>
    </Item>
    <Item Name="size" Type="uint" IsSwap="False" Size="1">
      <InitValue>0</InitValue>
    </Item>
    <Item Name="id" Type="uint" IsSwap="False" Size="1">
      <InitValue>4</InitValue>
    </Item>
    <Item Name="time" Type="uint" IsSwap="False" Size="4">
      <InitValue>      1</InitValue>
      <InitValue>2</InitValue>
      <InitValue>3</InitValue>
      <InitValue>4</InitValue>
    </Item>
    <Item Name="status" Type="uint" IsSwap="False" Size="1">
      <InitValue>1</InitValue>
    </Item>
  </Items>
</Packet>