<Packet>
  <Infos Comment="" LastModified="2013-02-13 오후 1:01:22">
    <Info />
    <Info />
  </Infos>
  <Items>
    <Item Name="tag   " Type="int" IsSwap="False" Visible="True" Size="1">
      <InitValue>0xBEAD</InitValue>
    </Item>
    <Item Name="dataSize   " Type="int" IsSwap="False" Visible="True" Size="1">
      <InitValue>0</InitValue>
    </Item>
    <Item Name="id   " Type="int" IsSwap="False" Visible="True" Size="1">
      <InitValue>14</InitValue>
    </Item>
    <Item Name="time" Type="int" IsSwap="False" Visible="True" Size="4">
      <InitValue>1</InitValue>
      <InitValue>2</InitValue>
      <InitValue>3</InitValue>
      <InitValue>4</InitValue>
    </Item>
    <Item Name="status   " Type="int" IsSwap="False" Visible="True" Size="1">
      <InitValue>1</InitValue>
    </Item>
  </Items>
</Packet>