<Packet>
  <Infos Comment="" LastModified="2012-10-09 오전 11:03:50">
    <Info />
    <Info />
  </Infos>
  <Items>
    <Item Name="tag" Type="uint" IsSwap="False" Size="1">
      <InitValue>0xbead</InitValue>
    </Item>
    <Item Name="size" Type="uint" IsSwap="False" Size="1">
      <InitValue>0</InitValue>
    </Item>
    <Item Name="id" Type="uint" IsSwap="False" Size="1">
      <InitValue>8</InitValue>
    </Item>
    <Item Name="time" Type="uint" IsSwap="False" Size="4">
      <InitValue>1</InitValue>
      <InitValue>2</InitValue>
      <InitValue>3</InitValue>
      <InitValue>4</InitValue>
    </Item>
    <Item Name="status" Type="int" IsSwap="False" Size="1">
      <InitValue>0</InitValue>
    </Item>
  </Items>
</Packet>