<Packet>
  <Items>
    <Item Name="in_command" Type="ushort" IsSwap="False" Size="1">
      <InitValue>0x0301</InitValue>
    </Item>
    <Item Name="in_tag" Type="short" IsSwap="False" Size="1">
      <InitValue>0</InitValue>
    </Item>
    <Item Name="timeTag" Type="int" IsSwap="False" Size="4">
      <InitValue> 0</InitValue>
      <InitValue>0</InitValue>
      <InitValue>0</InitValue>
      <InitValue>0</InitValue>
    </Item>
    <Item Name="size" Type="int" IsSwap="False" Size="1">
      <InitValue>0</InitValue>
    </Item>
  </Items>
</Packet>