<Packet>
  <Infos Comment="" LastModified="2013-01-30 오전 12:11:49">
    <Info />
    <Info />
  </Infos>
  <Items>
    <Item Name="tag                    " Type="int" IsSwap="False" Visible="True" Size="1">
      <InitValue>0xBEAD</InitValue>
    </Item>
    <Item Name="dataSize                    " Type="int" IsSwap="False" Visible="True" Size="1">
      <InitValue>23</InitValue>
    </Item>
    <Item Name="id                    " Type="int" IsSwap="False" Visible="True" Size="1">
      <InitValue>43</InitValue>
    </Item>
    <Item Name="time1                    " Type="int" IsSwap="False" Visible="True" Size="1">
      <InitValue>1</InitValue>
    </Item>
    <Item Name="time2                    " Type="int" IsSwap="False" Visible="True" Size="1">
      <InitValue>2</InitValue>
    </Item>
    <Item Name="time3                    " Type="int" IsSwap="False" Visible="True" Size="1">
      <InitValue>3</InitValue>
    </Item>
    <Item Name="time4                    " Type="int" IsSwap="False" Visible="True" Size="1">
      <InitValue>4</InitValue>
    </Item>
    <Item Name="status                    " Type="int" IsSwap="False" Visible="True" Size="1">
      <InitValue>1</InitValue>
    </Item>
    <Item Name="header" Type="byte" IsSwap="False" Visible="True" Size="15">
      <InitValue>0x0c</InitValue>
      <InitValue>0x00</InitValue>
      <InitValue>0x01</InitValue>
      <InitValue>0x00</InitValue>
      <InitValue>0x00</InitValue>
      <InitValue>0x00</InitValue>
      <InitValue>0x00</InitValue>
      <InitValue>0x00</InitValue>
      <InitValue>0x00</InitValue>
      <InitValue>0x00</InitValue>
      <InitValue>0x0c</InitValue>
      <InitValue>0xca</InitValue>
      <InitValue>0xc2</InitValue>
      <InitValue>0x00</InitValue>
      <InitValue>0x08</InitValue>
    </Item>
    <Item Name="data" Type="byte" IsSwap="False" Visible="True" Size="8">
      <InitValue>0x11</InitValue>
      <InitValue>0x22</InitValue>
      <InitValue>0x33</InitValue>
      <InitValue>0x44</InitValue>
      <InitValue>0x55</InitValue>
      <InitValue>0x66</InitValue>
      <InitValue>0x77</InitValue>
      <InitValue>0x88</InitValue>
    </Item>
  </Items>
</Packet>