<?xml version="1.0" encoding="utf-8" standalone="yes"?>
<TestNetConnector>
    <FileInfo>
        <version>1.88[2011/12/09]</version>
        <fileType>Cfg</fileType>
    </FileInfo>
    <ConnMode>0</ConnMode>
    <NetPosition>0</NetPosition>
    <Endian>0</Endian>
    <Encoding>0</Encoding>
    <MsgFormat>0</MsgFormat>
    <DataTypeSize>4</DataTypeSize>
    <ResponseMode>1</ResponseMode>
    <MsgText>int begin=1;
int commandid=1000;
int buffSize=80;
int time[4]={1,1,1,1};
int end=1;
int value[20]={1,2,3,4,5,6,7,8,9,10,1,2,3,4,5,6,7,8,9,10};</MsgText>
    <Msg>int,1/int,1000/int,80/int,1,1,1,1/int,1/int,1,2,3,4,5,6,7,8,9,10,1,2,3,4,5,6,7,8,9,10</Msg>
</TestNetConnector>