<Packet>
  <Infos Comment="" LastModified="2012-09-10 오후 2:33:53">
    <Info />
    <Info />
  </Infos>
  <Items>
    <Item Name="in_command" Type="ushort" IsSwap="False" Size="1">
      <InitValue>0x0001</InitValue>
    </Item>
    <Item Name="in_tag" Type="short" IsSwap="False" Size="1">
      <InitValue>0</InitValue>
    </Item>
    <Item Name="timeTag" Type="int" IsSwap="False" Size="4">
      <InitValue>  0</InitValue>
      <InitValue>0</InitValue>
      <InitValue>0</InitValue>
      <InitValue>0</InitValue>
    </Item>
    <Item Name="size" Type="int" IsSwap="False" Size="1">
      <InitValue>0</InitValue>
    </Item>
    <Item Name="command" Type="byte" IsSwap="False" Size="1">
      <InitValue>0x04</InitValue>
    </Item>
    <Item Name="ch" Type="byte" IsSwap="False" Size="1">
      <InitValue>0x01</InitValue>
    </Item>
    <Item Name="cpu_board_id" Type="short" IsSwap="False" Size="1">
      <InitValue>0</InitValue>
    </Item>
    <Item Name="sn" Type="int" IsSwap="False" Size="1">
      <InitValue>1</InitValue>
    </Item>
    <Item Name="size" Type="short" IsSwap="False" Size="1">
      <InitValue>1</InitValue>
    </Item>
    <Item Name="data" Type="byte" IsSwap="False" Size="1">
      <InitValue>0</InitValue>
    </Item>
    <Item Name="chsum" Type="short" IsSwap="False" Size="1">
      <InitValue>-8</InitValue>
    </Item>
  </Items>
</Packet>