<Packet>
  <Infos Comment="" LastModified="2013-02-19 오후 1:01:20">
    <Info />
    <Info />
  </Infos>
  <Items>
    <Item Name="cmd " Type="short" IsSwap="False" Visible="True" Size="1">
      <InitValue>0x0202</InitValue>
    </Item>
    <Item Name="tag  " Type="short" IsSwap="False" Visible="True" Size="1">
      <InitValue>0</InitValue>
    </Item>
    <Item Name="timeTag" Type="int" IsSwap="False" Visible="True" Size="4">
      <InitValue>0</InitValue>
      <InitValue>0</InitValue>
      <InitValue>0</InitValue>
      <InitValue>0</InitValue>
    </Item>
    <Item Name="len " Type="int" IsSwap="False" Visible="True" Size="1">
      <InitValue>0</InitValue>
    </Item>
  </Items>
</Packet>