<Packet>
  <Infos Comment="" LastModified="0001-01-01 오전 12:00:00">
    <Info />
    <Info />
  </Infos>
  <Items>
    <Item Name="cmd" Type="short" IsSwap="False" Size="1">
      <InitValue>0x0203</InitValue>
    </Item>
    <Item Name="tag" Type="short" IsSwap="False" Size="1">
      <InitValue>1</InitValue>
    </Item>
    <Item Name="timeTag" Type="int" IsSwap="False" Size="4">
      <InitValue>   0</InitValue>
      <InitValue>0</InitValue>
      <InitValue>0</InitValue>
      <InitValue>0</InitValue>
    </Item>
    <Item Name="len" Type="int" IsSwap="False" Size="1">
      <InitValue>0</InitValue>
    </Item>
  </Items>
</Packet>